389186,AM_Apparel_ShirtsHoodiesJackets
383808,AM_Apparel_Hats
384296,AM_Back-UpCameras_RearViewMirrorwBack-UpCamera
392954,AM_Back-UpCameras_FloorMats-4pc
392955,AM_Back-UpCameras_FloorMats-Front
386407,AM_Back-UpCameras_FloorMat-Trunk
393673,AM_Back-UpCameras_Keychains
64500,AM_Back-UpCameras_LicensePlate-FlipDown
74106,AM_Back-UpCameras_LicensePlateFrames
383914,AM_RestorationWeatherstripping&Molding_Weatherstipping
94308,AM_RestorationWeatherstripping&Molding_WindowMolding
J101868,ExtremeTerrain__AutomotiveCameras
J102630,ExtremeTerrain_Apparel_Hats
T533213,ExtremeTerrain_Apparel_ShirtsHoodiesJackets
J100784,ExtremeTerrain__Jacks
J12727,ExtremeTerrain__OnboardAir
J16252,ExtremeTerrain__RecoveryKits
J14984,ExtremeTerrain__SnatchBlocks
383808,AT_Apparel_Hats
48307,AM__BrakeCableKit
100940,AM__BrakeHoses
50518,AM__BrakeKits
56555,AM__BrakeLineKits
384207,AM__BrakePads
53455,AM__BrakeRotor&PadKits
81130,AM__CaliperCovers
46187,AM__Rotors
384207,AT__BrakePads
53455,AT__BrakeRotor&PadKits
73003,AM__Axles
102195,AM__Clutch
17531,AM_ClutchAccessories_ClutchAlignmentTools
41195,AM_ClutchAccessories_ClutchLines
62524,AM_ClutchAccessories_SlaveCylinders
62509,AM__ClutchKits
12160,AM__DifferentialCover
14104,AM__Driveshafts
387457,AM__Flywheels
50468G11,AM__Gears
100573,AM__GearKits
24062,AM__LimitedSlipDifferentials
100550,AM__ShifterBracket
100636,AM__ShifterGaskets
100549,AM__Shifters
80226,AM__TransmissionCooler
62726,AM__TransmissionPan
J100793,ExtremeTerrain__BrakeRotor&PadKit
J101231,ExtremeTerrain__CaliperCovers
J100457,ExtremeTerrain__Lockers
J100796,ExtremeTerrain__Rotors
T102744,AT__Gears
102244,AM_AirOil&FuelFilters_Drop-InAirFilters
102436,AM_AirOil&FuelFilters_FuelFilters
45008,AM_AirOil&FuelFilters_OilFilters
100886,AM__AirTempSensor
95320,AM__Alternators
13951,AM__Batteries
30131,AM__Camshafts
101642,AM__ColdAirIntake&TunerCombos
56161,AM_ColdAirIntakes_ColdAirIntakes
525009,AM_ColdAirIntakes_CoilOnPlugKits
50321,AM_ColdAirIntakes_CylinderHeads&Valvetrain
14452,AM_EngineDressUp_BatteryCovers
50183-00,AM_EngineDressUp_CoilCovers
393977,AM_EngineDressUp_EngineDress-UpKits
98630,AM_EngineDressUp_EngineCovers
41058,AM_EngineDressUp_FluidCaps
71310,AM_EngineDressUp_RadiatorCovers
49712,AM__FuelRailKit
100552,AM__HoodHinge-LH
100551,AM__HoodHinge-RH
12753,AM__HoodProps
41447,AM__HoodStruts
50430,AM__IntakeManifolds
98428,AM__MassAirflowMeters&Sensors
25016,AM__NitrousKits
102124,AM__OilCoolers
14451,AM__OilPans
64074,AM__OxygenSensor
51017,AM__PlugWires
45002,AM_RadiatorsHoses&Accessories_Coolant
383859,AM_RadiatorsHoses&Accessories_CoolantExpansionTank
80203,AM_RadiatorsHoses&Accessories_Radiator
102002,AM_RadiatorsHoses&Accessories_RadiatorFan
94455,AM_RadiatorsHoses&Accessories_RadiatorSuppport
525552,AM__Reservoirs&Tanks
11067,AM__ShakerSystems
64056,AM__SparkPlugs
95302,AM__Starters
50326,AM__ThrottleBodies
52224,AM__ThrottleBodySpacers
102000,AM__TurbochargerKits
41131,AM__UnderdrivePulleys
J100284,ExtremeTerrain__ColdAirIntakes&AirFilters
J101048,ExtremeTerrain__CoolingSystem
J18334,ExtremeTerrain__EngineDressUp
J10762,ExtremeTerrain__Filter
J13056,ExtremeTerrain__Sensors&SendingUnits
J25094,ExtremeTerrain__Snorkels
J16393,ExtremeTerrain__ThrottleBodySpacers
48052,AM__AxlebackExhaust
20036,AM__CatalyticConverter
383697,AM__CatbackExhaust
102021,AM__DeletePipes
386635,AM__Headers2015
100662,AM__H-Pipes
64074,AM__O2Sensors
383695,AM__V6DualExhaustConversionKits
100505,AM__X-Pipes
J100956,ExtremeTerrain__AxleBackExhaust
J17905,ExtremeTerrain__CatBackSystems
J100802,ExtremeTerrain__CatalyticConverters
J100800,ExtremeTerrain__MidPipes
T527194,AT__SideExitCatbackExhausts
T102211,AT__YPipes
12178,AM_Antennas_Antennas10-14
99007G05,AM_Antennas_Antennas05-09
99013G94,AM_Antennas_Antennas94-04
99002G79,AM_Antennas_AntennasFoxbody
71326,AM_Antennas_RearAntennaCover
398729,AM__Bras
384292,AM__CarCovers
383819,AM__ChinSplitters
94482,AM__DoorHandles-LHPair
94479,AM__DoorHandles-RH
26602,AM_DecalsStripes&Graphics_BumperInserts
101812,AM_DecalsStripes&Graphics_FogLightTint
26166G15,AM_DecalsStripes&Graphics_GT500Stripes
26356G15,AM_DecalsStripes&Graphics_HashMarks
101812,AM_DecalsStripes&Graphics_HeadlightTint
386381,AM_DecalsStripes&Graphics_HoodAccents
387499,AM_DecalsStripes&Graphics_HoodScoop
26325,AM_DecalsStripes&Graphics_HoodStripes
26310,AM_DecalsStripes&Graphics_HoodVentAccents
26079,AM_DecalsStripes&Graphics_QuarterMarkerTint
26328,AM_DecalsStripes&Graphics_QuarterPanelAccent
394291,AM_DecalsStripes&Graphics_QuarterWindowVinyl
101513,AM_DecalsStripes&Graphics_RearBumperMarkerTint
26242,AM_DecalsStripes&Graphics_RearSideStripe
26182G05,AM_DecalsStripes&Graphics_RockerStripes
26088,AM_DecalsStripes&Graphics_SideMarkerTint
26363,AM_DecalsStripes&Graphics_TailLightConversionKits
26089,AM_DecalsStripes&Graphics_TailLightTint
26337,AM_DecalsStripes&Graphics_ThirdBrakeLightDecal
101513,AM_DecalsStripes&Graphics_ThirdBrakeLightTint
387117,AM_DecalsStripes&Graphics_TintKit
26119G15,AM_DecalsStripes&Graphics_WindshieldBanner
101183,AM_DecalsStripes&Graphics_DecklidPanels
101589,AM_Emblems&Badges_DecklidEmblem
101277,AM_Emblems&Badges_FenderEmblems(singleorpair)
53691,AM_Emblems&Badges_GrilleEmblems
71332-77,AM_Emblems&Badges_TrunkEmblems
41285,AM__FogLightDeletes
66310,AM__FuelDoors
100397,AM__FrontBumperCover
389035,AM__Grille
41308,AM__GrilleSurround
71327,AM__HeadlightSplitters
72104,AM__Hoods
12541,AM__HoodPins&Kits
71331-00,AM__HoodScoops
392946,AM__HoodVents
389269,AM_Louvers_RearWindowLouvers
71316,AM_Louvers_QuarterWIndowLouvers
389872,AM__LicensePlate&PlateFrames
11098,AM__LicensePlateSurrounds
11053,AM__LightBars&StylingBars
393723,AM__MirrorsMirrorCovers
401145,AM__Mirrors(glassONLY)
384359,AM__PuddleLamps
386515,AM__RearBumper
387381,AM__RearDiffuser
387380,AM__RearSpoiler
391027,AM__RockerPanelSplittersMoldingSideSkirt
71336-99,AM__RoofSpoiler
71317,AM__SideScoops
73036,AM__SplashGuards-Front
53715,AM__SplashGuards-Rear
71324-99,AM__TailLightTrim
41231,AM__ThirdBrakeLightTrim
399318,AM__TowHook
41232,AM__QuarterLightTrim
J100488,ExtremeTerrain__Antenna-Rear
J100997,ExtremeTerrain__Antenna-FrontFender
J108818,ExtremeTerrain__Bra
J108822,ExtremeTerrain__CarCovers
J12822,ExtremeTerrain__CowlVentCover
J106656,ExtremeTerrain__Doors-2DR
J104816,ExtremeTerrain__Doors-4DR
J11930,ExtremeTerrain__DoorHandle
J11157,ExtremeTerrain__DoorHinge-4DR
J11156,ExtremeTerrain__DoorHinge-2DR
J100199,ExtremeTerrain__DoorMountedMirrors-PairLH
J100198,ExtremeTerrain__DoorMountedMirrors-RH
J104816,ExtremeTerrain__DoorSkins
J106109,ExtremeTerrain__FenderFlareLiner-Front
J104626,ExtremeTerrain__FenderFlareLiner-Rear
J103348,ExtremeTerrain__FenderFlares-4PC-Front&Rear
J102596,ExtremeTerrain__FenderFlares-Front
J12207,ExtremeTerrain__FenderFlares-Rear
J103829,ExtremeTerrain__FootPegs
J101398,ExtremeTerrain__FuelCan-RearTire
J100725,ExtremeTerrain__FuelDoor
J11129,ExtremeTerrain__GrilleInserts
J100721,ExtremeTerrain__GrillesorGrilleOverlay
J104850,ExtremeTerrain__Hood
J12799,ExtremeTerrain__HoodDresssUpKit
J100273,ExtremeTerrain__HoodHoldDown
J100783,ExtremeTerrain__Hi-liftJacks
J108812,ExtremeTerrain__MirrorBra
J13260,ExtremeTerrain__MirrorRelcationKitsQuickReleaseMirrorKits
J101401,ExtremeTerrain__OuterHoodVents
J101202,ExtremeTerrain__RearCargoRacks
J108885,ExtremeTerrain__RearWindowHinges
J100859,ExtremeTerrain__RoofRacks
J106612,ExtremeTerrain__SpareTireDelete
J15405,ExtremeTerrain__TailgateHinges
J101265,ExtremeTerrain__WindDeflector-2DR
J101266,ExtremeTerrain__WindDeflector-4DR
J26012,ExtremeTerrain_VinylDecals&Graphics_DoorAccentDecal-2DR
J26018,ExtremeTerrain_VinylDecals&Graphics_DoorAccentDecal-4DR
J100945,ExtremeTerrain_VinylDecals&Graphics_DoorSillDecal
J26016,ExtremeTerrain_VinylDecals&Graphics_HoodDecal
J100917,ExtremeTerrain_VinylDecals&Graphics_RearCornerDecal
J105979,ExtremeTerrain_VinylDecals&Graphics_RearWindowDecal
J26022,ExtremeTerrain_VinylDecals&Graphics_RockerPanelStripe
J100330,ExtremeTerrain_VinylDecals&Graphics_SideHoodDecal
J100713,ExtremeTerrain_VinylDecals&Graphics_TopFenderDecal
J26000,ExtremeTerrain_VinylDecals&Graphics_WindshieldDecal
J100921,ExtremeTerrain_VinylDecals&Graphics_WindshieldFrameDecal
J100789,ExtremeTerrain__Winches
J100203,ExtremeTerrain__WinchCover
J15392,ExtremeTerrain__WinchRopes
T534218,AT__AntennaCover
T525568,AT__BedRails
T532679,AT_BedWeights&Liners_BedLiners
T527542,AT_Bumpers&FrontRearEndArmor_BullBar
T527988,AT_Bumpers&FrontRearEndArmor_FrontBumper
T102095,AT_Bumpers&FrontRearEndArmor_GrilleGuard&BrushGuard
T526214,AT_Bumpers&FrontRearEndArmor_RearBumper
T532798,AT__CarCovers
T530040,AT__DoorHandles
T532252,AT_Emblems_SideEmblem
T532091,AT_Emblems_GrilleTailgateEmblem
T526203,AT_ExteriorStorage_SwingCaseStorageSystemPassengerSide
T526202,AT_ExteriorStorage_SwingCaseStorageSystemDriverSide
T525819,AT__FuelDoors
T527430,AT__FenderFlares
T525585,AT__FenderTrim
T528373,AT_Grilles_UpperGrille
T527646,AT_Grilles_LowerGrille
T529948,AT_Grilles_LowerGrilleswithLights
T531045,AT__Hitches
T529788,AT__Hoods
T525590,AT__HoodShields
T527582,AT__LicensePlate
T527580,AT__LicensePlateFrame
T525897,AT__LightTrim
T102439,AT__Mirrors
T102439,AT__MirrorCovers
T526469,AT_MudFlaps_MudFlapSystem
T103102,AT_MudFlaps_MudGuards-Front
T103103,AT_MudFlaps_MudGuards-Rear
T532674-99,AT__RearCabSpoiler
T525856,AT__RearWindowLouvers
T525579,AT__RockerPanels
T527535,AT__StepBars
T532565,AT__SideVentTrim
T102098,AT__TailLightGuard
T102195,AT_Tailgates&Accessories_5thWheelTailgates
T102854,AT_Tailgates&Accessories_TailgateHandle
T90030,AT_Tailgates&Accessories_TailgateNets
T102446,AT__TonneauCovers
T527389,AT__WindDeflector
26365,AM__DashKits
98206,AM__DeadPedal
102222,AM__DoorArmRests
69034,AM__DoorSillPlates
54002,AM__E-BrakeHandleCovers
387601,AM__FloorMats
98637,AM_Gauges&GaugePods_CenterDashGaugePod
13514,AM_Gauges&GaugePods_DriverSideGaugeCluster
387185,AM_Gauges&GaugePods_IndividualGauge
13531,AM_Gauges&GaugePods_Tachometer
81557,AM_Gauges&GaugePods_Headrests
79414,AM__HeatShields
94489,AM__InteriorDoorHandles-Pair
94490,AM__InteriorDoorHandle-LH
94489,AM__InteriorDoorHandle-RH
54008,AM_InteriorTrim_ACKnobs(94-04)
41425,AM_InteriorTrim_CigaretteLighterDelete(79-04)
54000,AM_InteriorTrim_CruiseControlSwitches(94-04)
94214,AM_InteriorTrim_DefrosterButton(94-00)
99015,AM_InteriorTrim_GuageBezels(94-04)
41415,AM_InteriorTrim_HeadlightKnob(94-04)
54001,AM_InteriorTrim_TiltSteeringLever(94-04)
54003,AM_InteriorTrim_TurnSignalCovers(94-04)
54006,AM_InteriorTrim_WindowSwitchKit(97-04)
15500,AM_InteriorTrim_ACAccentTrim(05-09)
15501,AM_InteriorTrim_ACKnobCovers(05-09)
41316,AM_InteriorTrim_DashButtonBezel(05-09)
15521,AM_InteriorTrim_DoorHandleAccent(05-09)
41313,AM_InteriorTrim_DoorLockBezel(05-14)
41313,AM_InteriorTrim_DoorLockPins(05-14)
15554,AM_InteriorTrim_HeadlightKnobs(05-14)
41165,AM_InteriorTrim_LockSwitchCovers(05-14)
66240,AM_InteriorTrim_MirrorControl(05-09)
41188,AM_InteriorTrim_SeatAdjusterCovers(05-14)
41190,AM_InteriorTrim_SeatTiltLeverCovers(05-14)
41139,AM_InteriorTrim_SteeringWheelButtonBezel(05-09)
41191,AM_InteriorTrim_SteeringWheelBadge(05-09)
41109,AM_InteriorTrim_TurnSignalandWiperAccents(05-09)
41428,AM_InteriorTrim_WindowSwitchPlates(05-09)
41319,AM_InteriorTrim_ConsoleButtonBezel(10-14)
41238,AM_InteriorTrim_CupHolderCovers(10-14)
41313,AM_InteriorTrim_DoorLockBezel(05-14)
41313,AM_InteriorTrim_DoorLockPins(05-14)
41263,AM_InteriorTrim_DoorVentLouvers(10-14)
15554,AM_InteriorTrim_HeadlightKnobs(05-14)
41165,AM_InteriorTrim_LockSwitchCovers(05-14)
41323,AM_InteriorTrim_MainDisplayBezel(10-14)
41188,AM_InteriorTrim_SeatAdjusterCovers(05-14)
41190,AM_InteriorTrim_SeatTiltLeverCovers(05-14)
49218,AM__MapLights
387527,AM__Pedals
11049,AM__PedalCoverswDeadPedal
15520,AM__RearSeatAnchorMedallions
80304,AM__RearSeatDeleteKits
80900,AM__Seat
387477,AM__SeatCovers
389992,AM__SeatHarness
12768,AM__ShiftBoot
384347,AM_ShiftKnobs_Ball-shapedwletteringdecal&Translucentballs
392958,AM_ShiftKnobs_NonBall-shapedknobs
41416,AM__ShifterBezel
53688,AM__SteeringWheels
398718,AM__Sunscreen
386407,AM__TrunkMats
J102376,ExtremeTerrain__CargoLiner-TJ
J10787,ExtremeTerrain__CargoLiner-JK
J106632,ExtremeTerrain__CenterConsoleArmrestCover
J25070,ExtremeTerrain__DeadPedal-Drivers
J25071,ExtremeTerrain__DeadPedal-Passengers
J100944,ExtremeTerrain__DoorSillPlates
J101244,ExtremeTerrain__FloorMats-Front
J101245,ExtremeTerrain__FloorMats-Rear
J101060,ExtremeTerrain__FloorMatKit-4pc
J103895,ExtremeTerrain__FloorMatKit-5pc-2DR
J103896,ExtremeTerrain__FloorMatKit-5pc-4DR
J100997,ExtremeTerrain__FrontAntenna
J108593,ExtremeTerrain_GrabHandles&Padding_A-PillarHandles
J18359,ExtremeTerrain_GrabHandles&Padding_GloveBoxHandle
J14582,ExtremeTerrain_GrabHandles&Padding_HeadrestHandle-Pair
J14069,ExtremeTerrain_GrabHandles&Padding_RollBarHandle-Pair
J11514,ExtremeTerrain_GrabHandles&Padding_SoundbarHandle
J15689,ExtremeTerrain_InteriorStorage_RearCargoStorage
J18233,ExtremeTerrain_InteriorStorage_SecurityGlovebox
J18365,ExtremeTerrain_InteriorTrim_4WDShifterBezel
J11115,ExtremeTerrain_InteriorTrim_A-PillarSwitchPod-LH
J11117,ExtremeTerrain_InteriorTrim_A-PillarSwitchPod-RH
J11354,ExtremeTerrain_InteriorTrim_ACVentTrim-Setof4
J11123,ExtremeTerrain_InteriorTrim_ACVentSwitchKit
J11534,ExtremeTerrain_InteriorTrim_CenterDashAccent
J11359,ExtremeTerrain_InteriorTrim_CupHolderBezel
J11538,ExtremeTerrain_InteriorTrim_DoorHandle
J12951,ExtremeTerrain_InteriorTrim_DoorHandleCover
J11067,ExtremeTerrain_InteriorTrim_E-brakeHandleCover
J11562,ExtremeTerrain_InteriorTrim_RearCupHolderBezel
J12951,ExtremeTerrain_InteriorTrim_ShifterBezel
J104829,ExtremeTerrain__PedalCovers
J18017,ExtremeTerrain_ShiftKnobs_Non-ballshaped
J108121,ExtremeTerrain_ShiftKnobs_Ballshapedwletteringdecal&Translucentballs
J102410,ExtremeTerrain_ShiftKnobs_Ball-shaped;solidwithnoletteringdecal
J11566,ExtremeTerrain__SteeringWheelTrim
J14886,ExtremeTerrain__TweeterSpeakerCovers
J100488,ExtremeTerrain__RearAntenna
J14584,ExtremeTerrain__RearViewMirror
J11095,ExtremeTerrain_Seats&Hardware_SeatCovers-Front
J105168,ExtremeTerrain_Seats&Hardware_SeatCover-Front&RearSet
J13509,ExtremeTerrain_Seats&Hardware_SeatCovers-Rear
J101111,ExtremeTerrain_Seats&Hardware_ReplacementSeats-Front
J11225,ExtremeTerrain__Sunvisors
J108805,ExtremeTerrain__SunScreen
J11115,ExtremeTerrain__SwitchPanel-A-Pillar
J101383,ExtremeTerrain__SwitchPanel-Dash
T525901,AT__DoorSills(Front)
T528364,AT__DoorSillPlates(Front&Rear)
T525848,AT__InteriorMirrors
T525729,AT_InteriorStorage_UnderseatStorage
T103036,AT__SeatCovers-Front
T533026,AT__SeatCovers-2ndRow
T527379,AT__SunShields
393444,AM__Bulbs-HeadlightFoglight
49179,AM__FogLights
11053,AM__LightBars&StylingBars
49191,AM__MarkerLights-Front
398126,AM__MarkerLights-Front&Rear
390341,AM__MarkerLights-Rear
393830,AM__ReverseLight
301042,AM_SequentialTailLights_SequentialTailLights
49169,AM_SequentialTailLights_RaxiomSequential
397461,AM__TailLights
102003,AM__ThirdBrakeLights
390266,AM__TurnSignals
T525901,AT__DoorSills
T528375,AT__FogLights
T526382,AT__Headlights
T525897,AT__LightTrim
T529164,AT_Off-RoadLighting_FrontBumperLightBarMount
T527150,AT_Off-RoadLighting_GrillMountedLights
T530110,AT_Off-RoadLighting_HoodMountedLightBrackets
T530111,AT_Off-RoadLighting_HoodMountedLights
T102947,AT_Off-RoadLighting_WindshieldMountedLightBarBracket
T526979,AT__Parking&FogLights
T528052,AT__TailLights
T102098,AT__TailLightCovers
T528061,AT__ThirdBrakeLights
16153,AM__BallJointKits
101400,AM__CasterCamberPlates
102056,AM__ControlArms
37801,AM__Shocks
47813,AM__Shock&StrutKits
16246,AM__Springs
53686,AM__StrutTowerBraces
397658,AM__StrutTowerCovers
50603,AM__Struts
47816,AM__SwayBars&Anti-RollKits
J101630,ExtremeTerrain__AirSprings&Accessories
J101657,ExtremeTerrain__BodyMounts&Bushings
J21051,ExtremeTerrain_Brakes_DiscBrakes
J101546,ExtremeTerrain_Brakes_BrakeLines&Hoses
J100793,ExtremeTerrain_Brakes_Rotor&PadKit
J101637,ExtremeTerrain__CoilSpringSpacers
J101347,ExtremeTerrain__CoilSprings
J12332,ExtremeTerrain__ControlArms
J13110,ExtremeTerrain__LongArmUpgrade
J21447,"ExtremeTerrain_Shocks_Shocks0-2""Lift"
J21447,"ExtremeTerrain_Shocks_Shocks2-4""Lift"
J21447,"ExtremeTerrain_Shocks_Shocks5-8""Lift"
J103783,ExtremeTerrain_SwayBars&Disconnects_SwayBars
J101545,ExtremeTerrain_SwayBars&Disconnects_SwayBarLinks
J101545,"ExtremeTerrain_SwayBars&Disconnects_SwayBarDisconnects0""-2""Lift"
J101545,"ExtremeTerrain_SwayBars&Disconnects_SwayBarDisconnects3""&UpLift"
101642,AM__ColdAirIntake&TunerCombos
101200G11,AM__Tuners
81130,AM__CaliperCovers
13116,AM__CenterCaps
397480,AM__Tires
50003,AM__WheelSpacers
101913G05,AM__Wheels05-14
28319G94,AM__Wheels94-04
33803G15,AM__Wheels2015
J100162,ExtremeTerrain__BullBars
J100991,ExtremeTerrain_Bumpers_BumperMountedLights
J100168,ExtremeTerrain_Bumpers_FrontBumpers
J100182,ExtremeTerrain_Bumpers_GrilleGuards
J100291,ExtremeTerrain_Bumpers_RearBumpers
J105259,ExtremeTerrain_Bumpers_RearBumperwtirecarrier
J14012,ExtremeTerrain__CornerGuard
J11137,ExtremeTerrain__CowlArmor
J104265,ExtremeTerrain__FrontBumperArmor
J100758,ExtremeTerrain__HeadlightGuard
J11286,ExtremeTerrain__HoodGuard
J11161,ExtremeTerrain__LightGuardKit
J100180,ExtremeTerrain__ReceiverHitches
J100288,ExtremeTerrain__RockerArmor&SideSteps-2DR
J100289,ExtremeTerrain__RockerArmor&SideSteps-4DR
J14610,ExtremeTerrain__SideMarkerGuard
J101811,ExtremeTerrain__SkidPlates-Front
J13315,ExtremeTerrain__SkidPlate-Rear
J100584,ExtremeTerrain__TailLightGuard
J14680,ExtremeTerrain__TurnSignalGuard
J17416,ExtremeTerrain__1-2.5InchLiftKits
J17416,ExtremeTerrain__3-3.75InchLiftKits
J17416,ExtremeTerrain__4-4.5InchLiftKits
J17416,ExtremeTerrain__5Inch&UpLiftKits
J102763,ExtremeTerrain__Foglights
J102484,ExtremeTerrain__MarkerLights(FrontFender)
J102766,ExtremeTerrain_Off-RoadLightsMounts_A-pillarwindshieldMountsLights
J11211,ExtremeTerrain_Off-RoadLightsMounts_A-pillarwindshieldMounts
J104461,ExtremeTerrain_Off-RoadLightsMounts_BodyLightMounts
J100891,ExtremeTerrain_Off-RoadLightsMounts_HoodMountedLight
J100564,ExtremeTerrain_Off-RoadLightsMounts_LightBarMount?mountabovewindshield
J100986,ExtremeTerrain_Off-RoadLightsMounts_OverRiderMountedLights
J104499,ExtremeTerrain__TailLights(Pair)
J100584,ExtremeTerrain__TaillightGuards
J102491,ExtremeTerrain__ThirdBrakeLight
J14680,ExtremeTerrain__TurnSignals
J102448,ExtremeTerrain__RockLightsorLEDStrips
J16079,ExtremeTerrain__CabCovers&EmergencyTops-2DR
J11011,ExtremeTerrain__CabCovers&EmergencyTops-4DR
J101287,ExtremeTerrain__CargoNets-2DR
J101288,ExtremeTerrain__CargoNets-4DR
J108958,ExtremeTerrain__FrontSunShade-4DR
J100307,ExtremeTerrain__HardTops-2DR
J100308,ExtremeTerrain__HardTops-4DR
J101177,ExtremeTerrain__MeshTops-2DR
J101173,ExtremeTerrain__MeshTops-4DR
J107963,ExtremeTerrain__SoftTops&BikiniTops-2DR
J104003,ExtremeTerrain__SoftTops&BikiniTops-4DR
J103181,ExtremeTerrain__CenterCaps
J104469,ExtremeTerrain__LugNuts
J107073,ExtremeTerrain__WranglerTires
J100614,ExtremeTerrain__Wheels
J106217,ExtremeTerrain__WheelSpacers&Adapters
T527110,AT__Wheels
T102691,AT_AirOil&FuelFilters_AirFilter
T526492,AT_IgnitionParts_Alternators
T527082,AT__AirFilters
T527964,AT__HoodDecal
T530423,AT__RearWindow
T527975,AT__RockerStripe
T530870,AT__Tailgate
T527350,AT__WindowDeflector
T527977,AT__WindshieldBanner
T525671,AT__RecoveryHooks
